juna_core_commit,channel,snr_db,nfft,cp,modem_fs,capture_fs,algorithm,packets,successful_packets,psr,payload_bits,bit_errors,ber,mean_decode_seconds_per_block,seed,status
0a2d9275775853c709f84102c02f23f6907891a3,red1,20,1024,16,19200,19200,Standard OFDM,10,0,0,1700,198,0.116470588235,0.0032989419,1,ok
0a2d9275775853c709f84102c02f23f6907891a3,red1,20,1024,16,19200,19200,Partial FFT+FEC,10,0,0,1700,305,0.179411764706,0.0033969697,1,ok
0a2d9275775853c709f84102c02f23f6907891a3,red1,20,1024,16,19200,19200,JUNA-Lite,10,0,0,1700,262,0.154117647059,0.0117632215,1,ok
0a2d9275775853c709f84102c02f23f6907891a3,red1,20,1024,16,19200,19200,JUNA-Wz,10,0,0,1700,358,0.210588235294,0.075037611,1,ok
0a2d9275775853c709f84102c02f23f6907891a3,red1,20,1024,16,19200,19200,JUNA-WCz,10,0,0,1700,366,0.215294117647,0.0142832563,1,ok
